Keyword,KeywordList,WordValue,POS_Tag
above,positive,grammatical,RB
absolutely,positive,grammatical,RB
acceptable,positive,grammatical,JJ
accessible,positive,subject,JJ
accommodate,positive,subject,VB
accommodation,positive,subject,NN
accomodate,positive,subject,VB
accomodation,positive,subject,NN
accompany,positive,subject,VB
activity,positive,subject,NN
adapter,positive,subject,NN
additional,positive,subject,JJ
additionally,positive,subject,RB
address,positive,subject,NN
adequate,positive,subject,JJ
adjacent,positive,subject,JJ
adjoin,positive,subject,NN
admit,positive,subject,VBP
adult,positive,subject,NN
advantage,positive,subject,NN
adventure,positive,subject,NN
advice,positive,subject,NN
advise,positive,subject,VB
aeon,positive,subject,NN
affordable,positive,subject,JJ
afterwards,positive,subject,RB
again,positive,grammatical,RB
ago,positive,grammatical,RB
agoda,positive,grammatical,NN
ainu,positive,subject,NN
airport,positive,subject,NN
airy,positive,subject,JJ
akihabara,positive,subject,NNS
alcohol,positive,subject,NN
alleviate,positive,subject,VB
alley,positive,subject,NN
allow,positive,subject,VB
almost,positive,grammatical,RB
alone,positive,subject,RB
alp,positive,subject,NN
alternative,positive,grammatical,NN
alternatively,positive,grammatical,RB
altogether,positive,grammatical,RB
always,positive,grammatical,RB
aman,positive,grammatical,NN
amaze,positive,grammatical,VB
amazing,positive,grammatical,JJ
amazingly,positive,grammatical,RB
ambiance,positive,subject,NN
ambience,positive,subject,NN
amenity,positive,subject,NN
ample,positive,subject,JJ
answer,positive,subject,NN
anticipate,positive,subject,VBP
anyone,positive,grammatical,NN
anywhere,positive,grammatical,RB
apartment,positive,subject,NN
apologetic,positive,subject,JJ
apologize,positive,subject,NN
apparently,positive,grammatical,RB
apple,positive,subject,NN
appliance,positive,subject,NN
appropriate,positive,subject,JJ
approx,positive,subject,NN
april,positive,grammatical,NNP
aqua,positive,subject,NN
aquarium,positive,subject,NN
arashiyama,positive,subject,NN
arcade,positive,subject,NN
architecture,positive,subject,NN
aren,positive,grammatical,NN
aroma,positive,subject,NN
arrange,positive,grammatical,VB
arrangement,positive,subject,NN
arrival,positive,subject,NN
arrived,positive,subject,VBN
asahikawa,positive,grammatical,NN
asakusa,positive,grammatical,NNS
ashamed,positive,subject,JJ
asian,positive,subject,JJ
aside,positive,grammatical,RB
aspect,positive,grammatical,NN
assign,positive,grammatical,VB
assist,positive,subject,VB
atm,positive,subject,NN
atmosphere,positive,subject,NN
attach,positive,grammatical,VB
attached,positive,grammatical,VBN
attend,positive,grammatical,VB
attendant,positive,subject,NN
attentive,positive,subject,JJ
attraction,positive,subject,NN
australia,positive,grammatical,NN
authentic,positive,subject,JJ
autumn,positive,subject,NN
away,positive,grammatical,RB
awesome,positive,grammatical,JJ
baggage,positive,subject,NN
baked,positive,subject,JJ
bakery,positive,subject,NN
balcony,positive,subject,NN
barrier,positive,subject,NN
base,positive,subject,NN
basement,positive,subject,NN
basin,positive,subject,NN
bathhouse,positive,subject,NN
bathing,positive,subject,NN
bathrobe,positive,subject,NN
bathtub,positive,subject,NN
bay,positive,subject,NN
bbq,positive,subject,NN
beach,positive,subject,NN
bear,positive,subject,NN
beat,positive,subject,NN
beautiful,positive,subject,JJ
beautifully,positive,grammatical,RB
beauty,positive,subject,NN
bedding,positive,subject,NN
beef,positive,subject,NN
beer,positive,subject,NN
before,positive,grammatical,RB
begin,positive,grammatical,VB
beginner,positive,grammatical,NN
believe,positive,grammatical,VB
belong,positive,grammatical,VB
benesse,positive,grammatical,NN
beppu,positive,subject,NN
beside,positive,grammatical,RB
best,positive,grammatical,JJS
beverage,positive,subject,NN
bfast,positive,subject,JJ
bicycle,positive,subject,NN
bigger,positive,subject,JJR
bike,positive,subject,NN
birthday,positive,subject,NN
bite,positive,subject,NN
black,positive,subject,JJ
blast,positive,subject,NN
block,positive,subject,NN
boast,positive,subject,NN
bomb,positive,subject,NN
bonus,positive,subject,NN
booked,positive,subject,VBN
booking,positive,subject,NN
boot,positive,subject,NN
booth,positive,subject,NN
bore,positive,subject,NN
borrow,positive,subject,VB
bottom,positive,subject,NN
bowl,positive,subject,NN
boy,positive,subject,UH
branch,positive,subject,NN
brand,positive,subject,NN
bread,positive,subject,NN
breath,positive,subject,NN
breeze,positive,subject,NN
brew,positive,subject,NN
bridge,positive,subject,NN
bright,positive,subject,JJ
brighton,positive,subject,NNP
brilliant,positive,subject,JJ
bring,positive,subject,VB
brochure,positive,subject,NN
browse,positive,subject,VB
brush,positive,subject,NN
bubble,positive,subject,NN
budget,positive,subject,NN
buffet,positive,subject,NN
bullet,positive,subject,NN
buss,positive,subject,NNS
bustle,positive,subject,NN
buy,positive,subject,VB
cable,positive,subject,NN
cafe,positive,subject,NN
caf√©,positive,grammatical,NN
cake,positive,subject,NN
calm,positive,subject,JJ
camera,positive,subject,NN
cancellation,positive,subject,NN
cap,positive,subject,NN
care,positive,subject,NN
carefully,positive,subject,RB
carpark,positive,subject,NN
cart,positive,subject,NN
castle,positive,subject,NN
catch,positive,subject,NN
cedar,positive,subject,NN
ceiling,positive,subject,NN
celebrate,positive,subject,VB
cent,positive,subject,NN
center,positive,subject,NN
central,positive,subject,JJ
centrally,positive,grammatical,RB
centre,positive,subject,NN
ceremony,positive,subject,NN
certainly,positive,grammatical,RB
chain,positive,subject,NN
champagne,positive,subject,NN
chance,positive,subject,NN
chap,positive,subject,NN
chapel,positive,subject,NN
charger,positive,subject,NN
charm,positive,subject,NN
charming,positive,subject,JJ
cheaper,positive,subject,JJR
cheapest,positive,subject,JJS
cheerful,positive,subject,JJ
chef,positive,subject,NN
chin,positive,subject,NN
chitose,positive,subject,NN
chocolate,positive,subject,NN
choice,positive,subject,NN
choose,positive,subject,VB
christmas,positive,subject,NNP
class,positive,subject,NN
classic,positive,subject,JJ
classy,positive,subject,JJ
clean,positive,subject,JJ
cleaned,positive,subject,VBN
cleanliness,positive,subject,NN
clever,positive,subject,JJ
climb,positive,subject,NN
clock,positive,subject,NN
closer,positive,subject,JJR
closest,positive,subject,JJS
closing,positive,subject,NN
coast,positive,subject,NN
cocktail,positive,subject,NN
coffee,positive,subject,NN
coin,positive,subject,NN
colleague,positive,subject,NN
collect,positive,subject,VB
colour,positive,subject,NN
comfort,positive,subject,NN
comfortable,positive,subject,JJ
comfortably,positive,subject,RB
comfy,positive,subject,JJ
command,positive,subject,NN
commercial,positive,subject,JJ
common,positive,subject,JJ
communal,positive,subject,JJ
company,positive,subject,NN
compensate,positive,subject,VB
complete,positive,subject,JJ
complex,positive,subject,JJ
complimentary,positive,subject,JJ
conditioner,positive,subject,NN
conference,positive,subject,NN
confident,positive,subject,JJ
confortable,positive,grammatical,JJ
confusion,positive,subject,NN
connect,positive,subject,VB
connection,positive,subject,NN
connectivity,positive,subject,NN
consider,positive,subject,VB
contact,positive,subject,NN
contain,positive,subject,VBP
contemporary,positive,subject,JJ
content,positive,subject,NN
control,positive,subject,NN
controlled,positive,subject,VBN
convenience,positive,subject,NN
convenient,positive,subject,JJ
conveniently,positive,subject,RB
convention,positive,subject,NN
conversation,positive,subject,NN
convinient,positive,subject,NN
cook,positive,subject,NN
cooking,positive,subject,NN
cool,positive,subject,JJ
cordial,positive,subject,JJ
corner,positive,subject,NN
cosmetic,positive,subject,JJ
cosy,positive,subject,JJ
counter,positive,subject,RB
couple,positive,subject,NN
coupon,positive,subject,NN
course,positive,subject,NN
court,positive,subject,NN
courteous,positive,subject,JJ
courtesy,positive,subject,NN
courtyard,positive,subject,NN
cover,positive,subject,NN
covered,positive,subject,VBN
cozy,positive,subject,JJ
crab,positive,subject,NN
crash,positive,subject,NN
crowd,positive,subject,NN
cruise,positive,subject,NN
cuisine,positive,subject,NN
culture,positive,subject,NN
cup,positive,subject,NN
currency,positive,subject,NN
current,positive,subject,JJ
curry,positive,subject,NN
customer,positive,subject,NN
cut,positive,subject,NN
cute,positive,subject,JJ
cycling,positive,subject,NN
dai,positive,grammatical,NN
daimon,positive,grammatical,NNP
dairy,positive,subject,NN
daughter,positive,subject,NN
deal,positive,subject,NN
decent,positive,grammatical,JJ
decently,positive,subject,RB
decision,positive,subject,NN
deck,positive,subject,NN
decorate,positive,subject,VB
deep,positive,subject,RB
definately,positive,grammatical,RB
definite,positive,subject,JJ
definitely,positive,grammatical,RB
defnitely,positive,grammatical,RB
delay,positive,subject,NN
delicious,positive,subject,JJ
delighted,positive,subject,JJ
delightful,positive,grammatical,JJ
deliver,positive,subject,VB
delivery,positive,subject,NN
deluxe,positive,subject,JJ
demand,positive,subject,NN
depart,positive,subject,VB
department,positive,subject,NN
describe,positive,subject,VB
desert,positive,subject,NN
deserve,positive,subject,VB
design,positive,subject,NN
desire,positive,subject,NN
dessert,positive,subject,NN
destination,positive,subject,NN
detail,positive,subject,NN
detergent,positive,subject,NN
die,positive,subject,VB
difference,positive,subject,NN
different,positive,subject,JJ
difficulty,positive,subject,NN
dine,positive,subject,VB
dining,positive,subject,NN
dinner,positive,subject,NN
dip,positive,subject,NN
direct,positive,subject,JJ
direction,positive,subject,NN
directly,positive,subject,RB
discount,positive,subject,NN
discounted,positive,subject,VBN
discover,positive,subject,VBP
dish,positive,subject,NN
disney,positive,subject,NN
disneyland,positive,subject,NN
disneysea,positive,subject,NN
display,positive,subject,NN
distance,positive,subject,NN
distant,positive,subject,JJ
district,positive,subject,NN
dive,positive,subject,NN
doctor,positive,subject,NN
dome,positive,subject,NN
doorstep,positive,subject,NN
dori,positive,grammatical,NNS
dotonbori,positive,grammatical,NNS
downstairs,positive,subject,RB
downtown,positive,subject,NN
drag,positive,subject,NN
dressing,positive,subject,NN
drink,positive,subject,NN
drive,positive,subject,NN
driver,positive,subject,NN
drop,positive,subject,NN
dry,positive,subject,JJ
dryer,positive,subject,NN
eager,positive,subject,JJ
eagerly,positive,subject,RB
easier,positive,subject,JJR
easily,positive,subject,RB
easy,positive,grammatical,JJ
eatery,positive,subject,NN
eating,positive,subject,VBG
ebisu,positive,grammatical,NNP
eclectic,positive,subject,JJ
edge,positive,subject,NN
efficient,positive,subject,JJ
efficiently,positive,grammatical,RB
effort,positive,subject,NN
electronic,positive,subject,JJ
elegant,positive,subject,JJ
elegantly,positive,grammatical,RB
employee,positive,subject,NN
empty,positive,subject,JJ
encounter,positive,subject,NN
enjoy,positive,grammatical,VB
enjoyable,positive,subject,JJ
enjoyed,positive,grammatical,VBN
enormous,positive,subject,JJ
enough,positive,grammatical,RB
ensure,positive,subject,VB
enter,positive,subject,VB
entertainment,positive,subject,NN
entire,positive,subject,JJ
entrance,positive,subject,NN
entry,positive,subject,NN
environment,positive,subject,NN
equally,positive,subject,RB
equip,positive,subject,VB
equipment,positive,subject,NN
equipped,positive,subject,VBN
escape,positive,subject,NN
especially,positive,grammatical,RB
essential,positive,subject,JJ
establishment,positive,subject,NN
etc,positive,grammatical,FW
event,positive,subject,NN
everyday,positive,subject,RB
everyone,positive,subject,NN
everything,positive,grammatical,NN
everytime,positive,grammatical,NN
everywhere,positive,grammatical,RB
exactly,positive,grammatical,RB
example,positive,grammatical,NN
exceed,positive,subject,VBP
excellent,positive,grammatical,JJ
exception,positive,subject,NN
exceptional,positive,grammatical,JJ
exchange,positive,subject,NN
excited,positive,subject,JJ
exclusively,positive,grammatical,RB
execute,positive,subject,VB
executive,positive,subject,NN
exhaust,positive,subject,NN
exhibition,positive,subject,NN
exit,positive,subject,NN
expectation,positive,subject,NN
experience,positive,subject,NN
explain,positive,subject,VB
explore,positive,subject,VB
express,positive,subject,VB
exquisite,positive,subject,JJ
extensive,positive,subject,JJ
extent,positive,subject,NN
extremely,positive,grammatical,RB
eye,positive,subject,NN
fabulous,positive,subject,JJ
facial,positive,subject,JJ
factor,positive,subject,NN
fail,positive,subject,VB
fairly,positive,grammatical,RB
fall,positive,subject,NN
familiar,positive,subject,JJ
family,positive,subject,NN
familymart,positive,subject,NNP
famous,positive,subject,JJ
fan,positive,subject,NN
fantastic,positive,grammatical,JJ
fare,positive,subject,NN
father,positive,subject,NN
faultless,positive,subject,JJ
favorite,positive,grammatical,JJ
feature,positive,grammatical,NN
feeling,positive,grammatical,NN
female,positive,subject,JJ
ferry,positive,subject,NN
festival,positive,subject,NN
field,positive,subject,NN
fill,positive,subject,VB
fine,positive,grammatical,JJ
finish,positive,subject,NN
firework,positive,subject,NN
firstly,positive,subject,RB
fish,positive,subject,NN
fitness,positive,subject,NN
fixed,positive,subject,VBN
flagship,positive,subject,NN
flat,positive,subject,JJ
flavor,positive,subject,NN
flight,positive,subject,NN
floor,positive,subject,NN
fluent,positive,subject,JJ
fluently,positive,subject,RB
fold,positive,subject,RB
folder,positive,subject,NN
follow,positive,subject,VB
following,positive,subject,VBG
fontaine,positive,subject,NN
foreign,positive,subject,JJ
foreigner,positive,subject,NN
forest,positive,subject,NN
forget,positive,subject,VB
forward,positive,subject,RB
found,positive,subject,VBN
fountain,positive,subject,NN
foyer,positive,subject,NN
frank,positive,subject,JJ
frankly,positive,subject,RB
freak,positive,subject,NN
free,positive,subject,JJ
french,positive,grammatical,JJ
frequent,positive,subject,JJ
fresh,positive,subject,JJ
fridge,positive,subject,NN
friend,positive,subject,NN
friendly,positive,subject,JJ
front,positive,subject,NN
fruit,positive,subject,NN
fuji,positive,subject,NNS
fujikyu,positive,subject,NNP
fully,positive,subject,RB
function,positive,subject,NN
functional,positive,grammatical,JJ
furano,positive,grammatical,NNP
fuss,positive,subject,NN
future,positive,subject,NN
gaijin,positive,subject,NN
gallery,positive,subject,NN
garage,positive,subject,NN
garden,positive,subject,NN
gate,positive,subject,NN
gear,positive,subject,NN
geisha,positive,subject,NN
gel,positive,subject,NN
general,positive,subject,JJ
generally,positive,subject,RB
generous,positive,subject,JJ
getaway,positive,subject,NN
gift,positive,subject,NN
ginza,positive,grammatical,NNS
gion,positive,grammatical,NN
girl,positive,subject,NN
glad,positive,subject,JJ
gladly,positive,subject,RB
glass,positive,subject,NN
glimpse,positive,subject,NN
global,positive,subject,JJ
glorious,positive,subject,JJ
godsend,positive,subject,NN
gold,positive,subject,NN
gondola,positive,subject,NN
gonou,positive,subject,NNP
good,positive,grammatical,JJ
gora,positive,grammatical,FW
gorgeous,positive,subject,JJ
goryu,positive,grammatical,NNP
gracious,positive,subject,JJ
grand,positive,subject,JJ
grateful,positive,subject,JJ
great,positive,grammatical,JJ
greatly,positive,subject,RB
green,positive,subject,JJ
greet,positive,subject,VB
greeting,positive,subject,VBG
grill,positive,subject,NN
grilled,positive,subject,VBN
grocery,positive,subject,NN
ground,positive,subject,NN
gush,positive,subject,VB
guy,positive,subject,NN
gyoen,positive,grammatical,NN
hairdryer,positive,subject,NN
hakata,positive,grammatical,NNP
hakodate,positive,grammatical,NN
hakone,positive,grammatical,NN
hamamatsucho,positive,grammatical,NNP
handed,positive,subject,JJ
handy,positive,subject,JJ
haneda,positive,grammatical,NNP
hanging,positive,subject,VBG
hankyu,positive,grammatical,NNP
happily,positive,subject,RB
happo,positive,grammatical,NN
happy,positive,grammatical,JJ
harajuku,positive,grammatical,NNP
harbor,positive,subject,NN
harbour,positive,subject,NN
haven,positive,subject,NN
head,positive,subject,NN
healthy,positive,subject,JJ
hear,positive,subject,VB
heart,positive,subject,NN
heartbeat,positive,subject,NN
hearty,positive,subject,JJ
heated,positive,subject,JJ
heating,positive,subject,NN
heaven,positive,subject,NNP
heavenly,positive,subject,RB
hell,positive,subject,NN
help,positive,subject,NN
helpful,positive,subject,JJ
hesitate,positive,subject,VB
hesitation,positive,subject,NN
hida,positive,grammatical,NN
hide,positive,subject,NN
high,positive,grammatical,JJ
highest,positive,subject,JJS
highland,positive,subject,NN
highlight,positive,subject,NN
highly,positive,grammatical,RB
hike,positive,subject,NN
hill,positive,subject,NN
hip,positive,subject,NN
hire,positive,subject,VB
hirosaki,positive,grammatical,NN
hiroshima,positive,grammatical,NNP
historical,positive,subject,JJ
hit,positive,subject,NN
hokkaido,positive,grammatical,NN
hold,positive,subject,NN
home,positive,subject,NN
homemade,positive,subject,JJ
hop,positive,subject,NN
hoshinoya,positive,grammatical,NNP
hoshokaku,positive,grammatical,NNP
hospitable,positive,subject,JJ
hospital,positive,subject,NN
hospitality,positive,subject,NN
host,positive,subject,NN
hotspr,positive,grammatical,NNP
hotspring,positive,subject,NN
house,positive,subject,NN
hrs,positive,subject,NNS
hub,positive,subject,NN
hubby,positive,subject,NN
humidifier,positive,subject,NN
hungry,positive,subject,JJ
hustle,positive,subject,NN
ichi,positive,grammatical,NNP
ideal,positive,subject,JJ
imamiya,positive,grammatical,NNP
immaculate,positive,subject,JJ
immaculately,positive,grammatical,RB
immediate,positive,subject,JJ
immediately,positive,grammatical,RB
imo,positive,grammatical,NN
impeccable,positive,subject,JJ
imperial,positive,subject,JJ
important,positive,subject,JJ
impressed,positive,subject,JJ
impressive,positive,subject,JJ
include,positive,grammatical,VBP
inclusive,positive,subject,JJ
incredible,positive,subject,JJ
incredibly,positive,subject,RB
indeed,positive,subject,RB
indian,positive,grammatical,JJ
individual,positive,subject,JJ
indoor,positive,subject,JJ
inexpensive,positive,subject,JJ
influence,positive,subject,NN
ingredient,positive,subject,NN
inland,positive,subject,RB
instant,positive,subject,NN
instructor,positive,subject,NN
insulation,positive,subject,NN
interact,positive,subject,VB
interest,positive,subject,NN
interested,positive,subject,JJ
interesting,positive,subject,JJ
interior,positive,subject,NN
invaluable,positive,subject,JJ
invite,positive,subject,VB
iron,positive,subject,NN
ishigaki,positive,grammatical,NN
island,positive,subject,NN
italian,positive,subject,JJ
item,positive,subject,NN
itinerary,positive,subject,NN
izakaya,positive,subject,NN
jacuzzi,positive,subject,NN
jam,positive,subject,NN
jean,positive,subject,NN
jelly,positive,subject,NN
jet,positive,subject,NN
ji,positive,grammatical,NNP
job,positive,subject,NN
join,positive,subject,VB
joint,positive,subject,JJ
journey,positive,subject,NN
jr,positive,grammatical,NN
juice,positive,subject,NN
july,positive,grammatical,NNP
kabira,positive,subject,NNP
kaido,positive,subject,NN
kaiseki,positive,grammatical,NN
kamikochi,positive,grammatical,NNP
kanazawa,positive,grammatical,FW
karaoke,positive,subject,NN
karasuma,positive,grammatical,FW
kawaramachi,positive,grammatical,NNS
kayabacho,positive,grammatical,NNP
kettle,positive,subject,NN
kick,positive,subject,NN
kid,positive,subject,NN
kindly,positive,subject,RB
kirin,positive,subject,NN
kitchen,positive,subject,NN
kitchenette,positive,subject,NN
km,positive,subject,NN
knee,positive,subject,NN
knowledge,positive,subject,NN
ko,positive,grammatical,NN
kobe,positive,grammatical,NN
koishiya,positive,grammatical,NNP
kurashiki,positive,grammatical,NNP
kyoko,positive,grammatical,NNP
kyoto,positive,grammatical,NN
kyushu,positive,grammatical,NNP
lady,positive,subject,NN
lag,positive,subject,NN
lake,positive,subject,NN
landscape,positive,subject,NN
laptop,positive,subject,NN
large,positive,subject,JJ
larger,positive,subject,JJR
largest,positive,subject,JJS
lastly,positive,subject,RB
latter,positive,subject,JJ
laugh,positive,subject,NN
laundry,positive,subject,NN
lavender,positive,subject,NN
lawson,positive,subject,NN
layer,positive,subject,NN
layout,positive,subject,NN
lazy,positive,subject,JJ
lcd,positive,subject,NN
lead,positive,subject,NN
league,positive,subject,NN
learn,positive,subject,VB
least,positive,subject,JJS
leg,positive,subject,NN
lend,positive,subject,VB
letter,positive,subject,NN
level,positive,subject,NN
limo,positive,subject,NN
limosine,positive,subject,NN
limousine,positive,subject,NN
line,positive,subject,NN
linen,positive,subject,NN
liquid,positive,subject,NN
list,positive,subject,NN
listen,positive,subject,VB
literally,positive,subject,RB
live,positive,subject,RB
living,positive,subject,VBG
load,positive,subject,NN
local,positive,subject,JJ
locate,positive,grammatical,VB
location,positive,subject,NN
lock,positive,subject,NN
locker,positive,subject,NN
lodging,positive,subject,NN
log,positive,subject,NN
lounge,positive,subject,NN
love,positive,grammatical,NN
lovely,positive,grammatical,JJ
lover,positive,subject,NN
lower,positive,subject,JJR
loyalty,positive,subject,NN
lucky,positive,grammatical,JJ
lunch,positive,subject,NN
machine,positive,subject,NN
magnificent,positive,subject,JJ
mahoroba,positive,grammatical,NN
maid,positive,subject,NN
maintain,positive,subject,VB
maintained,positive,subject,VBN
maker,positive,subject,NN
male,positive,subject,JJ
manager,positive,subject,NN
manner,positive,subject,NN
map,positive,subject,NN
march,positive,subject,NN
mark,positive,subject,NN
market,positive,subject,NN
mart,positive,subject,NN
mask,positive,subject,NN
massage,positive,subject,NN
massive,positive,subject,JJ
master,positive,subject,NN
matsumoto,positive,grammatical,NN
max,positive,subject,NN
mcdonald,positive,subject,NN
meal,positive,subject,NN
meet,positive,subject,NN
meeting,positive,subject,NN
melt,positive,subject,NN
member,positive,subject,NN
memorable,positive,subject,JJ
memorial,positive,subject,JJ
menu,positive,subject,NN
mess,positive,subject,NN
metre,positive,subject,NN
metro,positive,subject,NN
metropolitan,positive,subject,JJ
microwave,positive,subject,NN
middle,positive,subject,NN
mikasa,positive,grammatical,NN
milk,positive,subject,NN
mina,positive,grammatical,NN
mine,positive,subject,PRP
mineral,positive,subject,NN
mins,positive,subject,NNS
minute,positive,grammatical,NN
mirror,positive,subject,NN
misen,positive,subject,VBN
miso,positive,subject,NN
miyajima,positive,grammatical,NNP
mizuki,positive,grammatical,NN
moderately,positive,subject,RB
modern,positive,subject,JJ
modest,positive,subject,JJ
moisturizing,positive,subject,VBG
moment,positive,subject,NN
money,positive,subject,NN
monorail,positive,subject,NNP
month,positive,subject,NN
mostly,positive,subject,RB
mother,positive,subject,NN
mount,positive,subject,NN
mountain,positive,subject,NN
mouth,positive,subject,NN
mt,positive,subject,NN
multiple,positive,subject,JJ
multus,positive,grammatical,NNP
museum,positive,subject,NN
music,positive,subject,NN
myriad,positive,subject,JJ
mystay,positive,grammatical,NN
nabe,positive,grammatical,NN
nagano,positive,grammatical,NNP
nagasaki,positive,grammatical,NN
nagoya,positive,grammatical,NNP
nakajima,positive,grammatical,NNP
naked,positive,subject,JJ
namba,positive,grammatical,NNP
nankai,positive,grammatical,NN
naoshima,positive,grammatical,NNP
nap,positive,subject,NN
nara,positive,grammatical,NN
narita,positive,grammatical,NNP
naritasan,positive,subject,NNP
natural,positive,subject,JJ
nature,positive,subject,NN
navigate,positive,subject,VB
near,positive,subject,RB
nearby,positive,subject,RB
nearest,positive,subject,JJS
neat,positive,subject,JJ
neighborhood,positive,subject,NN
neighbour,positive,subject,NN
neighbourhood,positive,grammatical,NN
nespresso,positive,subject,RB
network,positive,subject,NN
nevertheless,positive,subject,RB
new,positive,subject,JJ
newly,positive,grammatical,RB
next,positive,grammatical,RB
nic,positive,grammatical,JJ
nice,positive,grammatical,JJ
nicely,positive,grammatical,RB
nicer,positive,grammatical,JJR
nicest,positive,grammatical,JJS
nightlife,positive,subject,NN
nightly,positive,grammatical,RB
nijo,positive,grammatical,NNP
nikko,positive,grammatical,NNP
nippori,positive,grammatical,NNP
niseko,positive,grammatical,NNP
nishiki,positive,grammatical,NNP
noodle,positive,subject,NN
northern,positive,subject,JJ
notch,positive,grammatical,NN
november,positive,grammatical,NNP
number,positive,subject,NN
numerous,positive,subject,JJ
oasis,positive,subject,NN
obliging,positive,grammatical,VBG
occupy,positive,subject,VB
ocean,positive,subject,NN
october,positive,grammatical,NNP
odori,positive,grammatical,NNS
oedo,positive,grammatical,NN
offered,positive,subject,VBN
offering,positive,subject,NN
office,positive,subject,NN
ofuro,positive,subject,NN
ohara,positive,grammatical,NNS
okay,positive,subject,UH
okinawa,positive,grammatical,NN
omiya,positive,grammatical,NNP
online,positive,subject,RB
onomichi,positive,grammatical,RB
onsen,positive,subject,RB
onset,positive,subject,NN
onsite,positive,subject,JJ
opened,positive,subject,VBN
opening,positive,subject,NN
operate,positive,subject,VBP
operated,positive,subject,VBN
order,positive,subject,NN
ordinary,positive,subject,JJ
organise,positive,grammatical,VB
osaka,positive,grammatical,NNP
outdoor,positive,subject,JJ
outdoors,positive,subject,RB
outer,positive,subject,JJ
outline,positive,subject,NN
outside,positive,subject,RB
outstanding,positive,subject,JJ
overall,positive,grammatical,RB
overlook,positive,subject,JJ
overnight,positive,subject,RB
oversee,positive,subject,VB
owner,positive,subject,NN
package,positive,subject,NN
pad,positive,subject,NN
palace,positive,subject,NN
parent,positive,subject,NN
park,positive,subject,NN
parking,positive,subject,NN
participate,positive,subject,VB
party,positive,subject,NN
pass,positive,subject,VB
password,positive,subject,NN
past,positive,subject,NN
pasta,positive,subject,NN
pastry,positive,subject,NN
patient,positive,subject,NN
payment,positive,subject,NN
pc,positive,subject,NN
peace,positive,subject,NN
peaceful,positive,subject,JJ
pearl,positive,subject,NN
penny,positive,subject,NN
perfect,positive,grammatical,JJ
perfection,positive,subject,NN
perfectly,positive,grammatical,RB
perk,positive,subject,NN
personal,positive,subject,JJ
personally,positive,subject,RB
personnel,positive,subject,NNS
phenomenal,positive,subject,JJ
pick,positive,subject,VB
pickle,positive,subject,NN
picture,positive,subject,NN
piece,positive,subject,NN
pipe,positive,subject,NN
plan,positive,subject,NN
plane,positive,subject,NN
pleasant,positive,subject,JJ
pleasantly,positive,grammatical,RB
please,positive,subject,UH
pleased,positive,subject,JJ
pleasure,positive,subject,NN
plentiful,positive,subject,JJ
plenty,positive,subject,NN
plus,positive,subject,CC
pluse,positive,grammatical,NN
pole,positive,subject,NN
polite,positive,subject,JJ
politeness,positive,subject,NN
pond,positive,subject,NN
pontocho,positive,grammatical,NNP
pool,positive,subject,NN
pop,positive,subject,NN
popular,positive,subject,JJ
portable,positive,subject,JJ
positive,positive,subject,JJ
possible,positive,subject,JJ
post,positive,subject,NN
pot,positive,subject,NN
pour,positive,subject,VBP
powder,positive,subject,NN
ppl,positive,subject,NNS
practically,positive,subject,RB
practice,positive,subject,NN
praise,positive,subject,NN
prefecture,positive,subject,NN
premise,positive,subject,NN
present,positive,subject,JJ
presentation,positive,subject,NN
preserve,positive,subject,VB
pressure,positive,subject,NN
pretend,positive,subject,NN
prince,positive,subject,NN
print,positive,subject,NN
privacy,positive,subject,NN
private,positive,subject,JJ
process,positive,subject,NN
product,positive,subject,NN
professional,positive,subject,JJ
project,positive,subject,NN
promotional,positive,subject,JJ
prompt,positive,subject,JJ
promptly,positive,subject,RB
property,positive,subject,NN
provide,positive,subject,VB
proximity,positive,subject,NN
purchase,positive,subject,NN
pure,positive,subject,JJ
purpose,positive,subject,NN
question,positive,subject,NN
quick,positive,subject,JJ
quickly,positive,subject,RB
quiet,positive,subject,JJ
quieter,positive,subject,JJR
rail,positive,subject,NN
railway,positive,subject,NN
raise,positive,subject,NN
raman,positive,grammatical,NN
rare,positive,subject,JJ
rate,positive,subject,NN
rating,positive,subject,NN
razor,positive,subject,NN
re-serve,positive,grammatical,NN
reachable,positive,subject,JJ
readily,positive,subject,RB
ready,positive,subject,JJ
realise,positive,subject,VB
realize,positive,subject,VB
reason,positive,grammatical,NN
reasonable,positive,grammatical,JJ
reasonably,positive,grammatical,RB
rebook,positive,grammatical,VB
receive,positive,subject,VB
recent,positive,subject,JJ
recently,positive,subject,RB
receptionist,positive,subject,NN
recognize,positive,subject,VB
recomend,positive,grammatical,VB
recommend,positive,subject,VB
recommendation,positive,subject,NN
refill,positive,subject,VB
reflect,positive,subject,VB
refreshing,positive,subject,VBG
refrigerator,positive,subject,NN
regard,positive,subject,NN
regency,positive,subject,NN
region,positive,subject,NN
regret,positive,subject,NN
regular,positive,subject,JJ
regularly,positive,subject,RB
relax,positive,subject,VB
relaxation,positive,subject,NN
relaxing,positive,subject,VBG
relief,positive,subject,NN
remember,positive,subject,VB
remote,positive,subject,RB
renovate,positive,subject,VB
rent,positive,subject,NN
rental,positive,subject,NN
replenish,positive,subject,VB
report,positive,subject,NN
represent,positive,subject,VB
request,positive,subject,NN
requirement,positive,subject,NN
research,positive,subject,NN
reservation,positive,subject,NN
reserve,positive,subject,NN
respect,positive,subject,NN
responsive,positive,subject,JJ
restuarant,positive,subject,NN
retire,positive,subject,VB
return,positive,subject,NN
reviews,positive,subject,NNS
revisit,positive,subject,VB
reward,positive,subject,NN
richmond,positive,grammatical,NNP
ride,positive,subject,NN
right,positive,grammatical,UH
ritz,positive,grammatical,NN
river,positive,subject,NN
rock,positive,subject,NN
rooftop,positive,subject,NN
roomy,positive,subject,NN
ropeway,positive,subject,NN
roppongi,positive,grammatical,NNS
rotenburo,positive,subject,RB
rough,positive,subject,JJ
roughly,positive,subject,RB
round,positive,subject,RB
route,positive,subject,NN
royal,positive,subject,JJ
rush,positive,subject,NN
ryonkan,positive,grammatical,JJ
sake,positive,subject,NN
salad,positive,subject,NN
salmon,positive,subject,NN
salt,positive,subject,NN
sample,positive,subject,NN
san,positive,grammatical,FW
sand,positive,subject,NN
sandwich,positive,subject,NN
sanga,positive,grammatical,NN
sannomiya,positive,grammatical,NN
sanoya,positive,grammatical,NN
sapporo,positive,grammatical,NNP
sashimi,positive,subject,NN
satisfactory,positive,subject,JJ
satisfied,positive,subject,JJ
satisfy,positive,subject,VB
sauna,positive,subject,NN
save,positive,subject,VB
scale,positive,subject,NN
scene,positive,subject,NN
scenery,positive,subject,NN
scenic,positive,subject,JJ
schedule,positive,subject,NN
screen,positive,subject,NN
seafood,positive,subject,NN
seamless,positive,subject,JJ
seat,positive,subject,NN
second,positive,subject,RB
section,positive,subject,NN
select,positive,subject,VB
selection,positive,subject,NN
self,positive,subject,NN
sell,positive,subject,NN
send,positive,subject,VB
sendai,positive,grammatical,NNP
senior,positive,subject,JJ
sensation,positive,subject,NN
sensational,positive,subject,JJ
separate,positive,subject,JJ
separated,positive,subject,VBN
seperate,positive,subject,JJ
serene,positive,subject,JJ
served,positive,subject,VBN
server,positive,subject,NN
seto,positive,subject,NN
setting,positive,subject,NN
sex,positive,subject,NN
shampoo,positive,subject,NN
shell,positive,subject,NN
shibuya,positive,grammatical,NNS
shikanoyu,positive,grammatical,NNP
shimanami,positive,grammatical,NNS
shimbashi,positive,grammatical,NNP
shinagawa,positive,grammatical,NN
shingawa,positive,grammatical,NNP
shinjuku,positive,grammatical,NNP
shinkansen,positive,subject,NN
shinsaibashi,positive,grammatical,NNS
shiomi,positive,grammatical,NNS
ship,positive,subject,NN
shiseido,positive,grammatical,NN
shoe,positive,subject,NN
shoot,positive,subject,NN
shop,positive,subject,NN
shopping,positive,subject,NN
short,positive,subject,JJ
showa,positive,subject,NN
shrimp,positive,subject,NN
shrine,positive,subject,NN
shutter,positive,subject,NN
shuttle,positive,subject,NN
sight,positive,subject,NN
sightseeing,positive,subject,NN
signal,positive,subject,NN
significantly,positive,subject,RB
simple,positive,subject,JJ
simply,positive,subject,RB
sincere,positive,subject,JJ
sink,positive,subject,NN
site,positive,subject,NN
situate,positive,subject,VB
skewer,positive,subject,NN
skiing,positive,subject,NN
sky,positive,subject,NN
slide,positive,subject,NN
slip,positive,subject,NN
slipper,positive,subject,NN
slope,positive,subject,NN
snack,positive,subject,NN
snow,positive,subject,NN
snowboard,positive,subject,NN
soak,positive,subject,VB
soap,positive,subject,NN
sock,positive,subject,NN
sofa,positive,subject,NN
solo,positive,subject,NN
soon,positive,subject,RB
soothe,positive,subject,VB
soothing,positive,subject,JJ
sophistication,positive,subject,NN
soup,positive,subject,NN
south,positive,subject,RB
souvenir,positive,subject,NN
spacious,positive,subject,JJ
spade,positive,subject,NN
speaker,positive,subject,NN
special,positive,grammatical,JJ
specially,positive,subject,RB
specialty,positive,subject,NN
specifically,positive,subject,RB
spectacular,positive,subject,JJ
speed,positive,subject,NN
speedy,positive,subject,JJ
spend,positive,subject,VB
spending,positive,subject,NN
split,positive,subject,NN
splurge,positive,subject,NN
spoiled,positive,subject,JJ
sponge,positive,subject,NN
spot,positive,subject,NN
spotless,positive,subject,JJ
spotlessly,positive,subject,RB
spread,positive,subject,NN
spring,positive,subject,NN
staff,positive,subject,NN
stair,positive,subject,NN
standing,positive,subject,VBG
starbucks,positive,subject,NNS
states,positive,subject,NNS
steak,positive,subject,NN
steam,positive,subject,NN
step,positive,subject,NN
stock,positive,subject,NN
stone,positive,subject,NN
stop,positive,subject,VB
store,positive,subject,NN
story,positive,subject,NN
stove,positive,subject,NN
straight,positive,subject,RB
stranger,positive,subject,NN
strategically,positive,subject,RB
stream,positive,subject,NN
street,positive,subject,NN
strength,positive,subject,NN
string,positive,subject,NN
stroll,positive,subject,NN
strongly,positive,subject,RB
study,positive,subject,NN
stunning,positive,subject,JJ
stylish,positive,subject,JJ
subway,positive,subject,NN
suffice,positive,subject,VB
sufficient,positive,subject,JJ
suggest,positive,subject,VBP
suggestion,positive,subject,NN
suit,positive,subject,NN
suite,positive,subject,NN
summer,positive,subject,NN
sun,positive,subject,NN
sunrise,positive,subject,NN
sunroute,positive,grammatical,NN
sunset,positive,subject,NN
super,positive,grammatical,RB
superb,positive,subject,JJ
superior,positive,subject,JJ
supermarket,positive,subject,NN
supper,positive,subject,NN
supply,positive,subject,NN
support,positive,subject,NN
surely,positive,subject,RB
surpass,positive,subject,VB
surprise,positive,subject,NN
surprised,positive,subject,JJ
surprising,positive,subject,JJ
surprisingly,positive,subject,RB
surround,positive,subject,VB
surrounding,positive,subject,VBG
sushi,positive,subject,NN
suspicious,positive,subject,JJ
susukino,positive,grammatical,NN
sweet,positive,subject,JJ
system,positive,subject,NN
tad,positive,subject,NN
takayama,positive,grammatical,NN
taki,positive,grammatical,NN
talented,positive,subject,JJ
tanukikoji,positive,grammatical,NNS
taste,positive,subject,NN
tastefully,positive,subject,RB
tasty,positive,subject,JJ
tatami,positive,subject,NNS
team,positive,subject,NN
technically,positive,subject,RB
teenager,positive,subject,NN
temple,positive,subject,NN
tempura,positive,subject,NN
tend,positive,subject,VBP
tenjin,positive,grammatical,NN
tennoji,positive,grammatical,NNS
teppanyaki,positive,subject,NNS
teramachi,positive,grammatical,NNS
term,positive,subject,NN
terminal,positive,subject,JJ
terrace,positive,subject,NN
terrific,positive,subject,JJ
thank,positive,grammatical,VBP
thankfully,positive,subject,RB
that,positive,grammatical,DT
theme,positive,subject,NN
thorough,positive,subject,JJ
thoroughly,positive,subject,RB
though,positive,subject,RB
thought,positive,subject,NN
thousand,positive,subject,CD
thumb,positive,grammatical,NN
thus,positive,subject,RB
thw,positive,grammatical,NN
ticket,positive,subject,NN
tidy,positive,subject,JJ
tile,positive,subject,NN
tip,positive,subject,NN
toast,positive,subject,NN
tobu,positive,grammatical,NN
toddler,positive,subject,NN
toei,positive,grammatical,NN
together,positive,subject,RB
toilet,positive,subject,NN
toiletry,positive,subject,NN
tokyu,positive,grammatical,NNP
ton,positive,subject,NN
tool,positive,subject,NN
tooth,positive,subject,NN
toothbrush,positive,subject,NN
toothpaste,positive,subject,NN
top,positive,subject,RB
totally,positive,subject,RB
touch,positive,subject,NN
towel,positive,subject,NN
tower,positive,subject,NN
town,positive,subject,NN
toya,positive,grammatical,NN
toyama,positive,grammatical,NN
toyoko,positive,grammatical,NN
track,positive,subject,NN
tradition,positive,subject,NN
traditional,positive,subject,JJ
traffic,positive,subject,NN
trail,positive,subject,NN
train,positive,subject,NN
tram,positive,subject,NN
tranquil,positive,subject,JJ
tranquility,positive,subject,NN
transfer,positive,subject,NN
transit,positive,subject,NN
translate,positive,subject,VB
translation,positive,subject,NN
transportation,positive,subject,NN
traveller,positive,subject,NN
treasure,positive,subject,NN
treat,positive,subject,NN
treatment,positive,subject,NN
tree,positive,subject,NN
trek,positive,subject,NN
trip,positive,subject,NN
tripadvisor,positive,subject,NNP
triple,positive,subject,JJ
true,positive,grammatical,JJ
truly,positive,subject,RB
tsukiji,positive,grammatical,NNP
tsuruga,positive,subject,NNP
tub,positive,subject,NN
tube,positive,subject,NN
tuck,positive,subject,NN
turn,positive,subject,NN
tvs,positive,subject,NNS
twin,positive,subject,JJ
type,positive,subject,NN
ueno,positive,grammatical,NN
umbrella,positive,subject,NN
unbeatable,positive,subject,JJ
unbelievable,positive,subject,JJ
underground,positive,subject,RB
unique,positive,subject,JJ
united,positive,subject,JJ
universal,positive,subject,JJ
unlimited,positive,subject,JJ
unload,positive,subject,VB
uno,positive,grammatical,NN
unobtrusive,positive,subject,JJ
unusual,positive,subject,JJ
unwind,positive,subject,VB
upgrade,positive,subject,VB
upper,positive,subject,JJ
upstairs,positive,subject,RB
useful,positive,subject,JJ
usj,positive,grammatical,NNP
usuki,positive,subject,NNP
vacation,positive,subject,NN
valet,positive,subject,NN
valley,positive,subject,NN
value,positive,subject,NN
vanity,positive,subject,NN
variety,positive,subject,NN
various,positive,subject,JJ
veggies,positive,subject,NNS
vending,positive,subject,VBG
venture,positive,subject,NN
venue,positive,subject,NN
video,positive,subject,NN
villa,positive,subject,NN
village,positive,subject,NN
virtually,positive,subject,RB
visit,positive,subject,NN
volcanic,positive,subject,JJ
voucher,positive,subject,NN
waffle,positive,subject,NN
waiter,positive,subject,NN
walking,positive,subject,VBG
wander,positive,subject,VBP
warehouse,positive,subject,NN
warm,positive,subject,JJ
warmer,positive,subject,JJR
warmly,positive,subject,RB
wash,positive,subject,NN
washer,positive,subject,NN
washing,positive,subject,NN
washington,positive,grammatical,NNP
wasnt,positive,grammatical,NN
waterfall,positive,subject,NN
wave,positive,subject,NN
wedding,positive,subject,NN
welcome,positive,subject,UH
well,positive,grammatical,UH
westerner,positive,subject,NN
wheel,positive,subject,NN
white,positive,subject,JJ
wide,positive,subject,RB
wife,positive,subject,NN
willing,positive,subject,JJ
wine,positive,subject,NN
wing,positive,subject,NN
winner,positive,subject,NN
wise,positive,subject,JJ
wish,positive,subject,NN
woman,positive,subject,NN
wonder,positive,subject,NN
wonderful,positive,grammatical,JJ
wonderfully,positive,subject,RB
wood,positive,subject,NN
wooden,positive,subject,JJ
worker,positive,subject,NN
world,positive,subject,NN
worry,positive,subject,NN
worth,positive,subject,JJ
worthwhile,positive,subject,JJ
worthy,positive,subject,JJ
wrong,positive,subject,JJ
year,positive,subject,NN
yokohama,positive,grammatical,NNP
young,positive,subject,JJ
younger,positive,subject,JJR
yukata,positive,subject,NN
yummy,positive,subject,JJ
ability,negative,subject,NN
abit,negative,grammatical,NN
accidentally,negative,subject,RB
accord,negative,subject,NN
accurate,negative,subject,JJ
advanced,negative,subject,JJ
affair,negative,subject,NN
affect,negative,subject,VB
aircon,negative,subject,NN
annoying,negative,subject,JJ
argue,negative,grammatical,VBP
aware,negative,grammatical,JJ
awkward,negative,subject,JJ
background,negative,subject,NN
backpacker,negative,subject,NN
ball,negative,subject,NN
bang,negative,subject,NN
bare,negative,subject,JJ
barely,negative,grammatical,RB
basically,negative,grammatical,RB
bedside,negative,subject,NN
blanket,negative,subject,NN
bother,negative,grammatical,VB
bottled,negative,subject,JJ
burger,negative,subject,NN
camping,negative,subject,NN
carpet,negative,subject,NN
carrying,negative,subject,VBG
cigarette,negative,subject,NN
claim,negative,grammatical,NN
claustrophobic,negative,subject,JJ
concrete,negative,subject,NN
confuse,negative,subject,VB
correct,negative,subject,JJ
cottage,negative,subject,NN
cramped,negative,subject,JJ
crap,negative,subject,NN
crazy,negative,grammatical,JJ
crew,negative,subject,NN
criticism,negative,subject,NN
cry,negative,subject,NN
cupboard,negative,subject,NN
curtain,negative,subject,NN
dangerous,negative,subject,JJ
dated,negative,subject,VBN
dead,negative,subject,JJ
device,negative,subject,NN
dirty,negative,subject,JJ
disappointing,negative,grammatical,JJ
disappointment,negative,subject,NN
disturb,negative,subject,VB
dog,negative,subject,NN
downside,negative,grammatical,NN
drain,negative,subject,NN
drawback,negative,subject,NN
dresser,negative,subject,NN
drunk,negative,subject,JJ
dusty,negative,subject,JJ
duvet,negative,subject,NN
electrical,negative,subject,JJ
elsewhere,negative,grammatical,RB
european,negative,grammatical,NNP
exciting,negative,grammatical,JJ
existent,negative,grammatical,JJ
fashion,negative,subject,NN
feedback,negative,subject,NN
folk,negative,subject,NN
friday,negative,grammatical,NNP
fry,negative,subject,NN
funny,negative,subject,JJ
garbage,negative,subject,NN
gesture,negative,subject,NN
gotemba,negative,grammatical,NNP
gripe,negative,subject,NN
handful,negative,subject,NN
hanger,negative,subject,NN
hilton,negative,grammatical,NN
horrible,negative,grammatical,JJ
hotspot,negative,subject,NN
improve,negative,grammatical,VB
improvement,negative,subject,NN
inch,negative,subject,NN
inconsistent,negative,subject,JJ
initially,negative,subject,RB
insist,negative,subject,VB
involve,negative,grammatical,VB
joke,negative,subject,NN
lighting,negative,subject,NN
liking,negative,subject,VBG
london,negative,grammatical,NNP
meat,negative,subject,NN
mediocre,negative,subject,JJ
minor,negative,subject,JJ
mixed,negative,subject,JJ
mold,negative,subject,NN
neck,negative,subject,NN
negative,negative,grammatical,JJ
neither,negative,grammatical,CC
noticeably,negative,subject,RB
obviously,negative,grammatical,RB
opinion,negative,grammatical,NN
outdated,negative,subject,JJ
packet,negative,subject,NN
pain,negative,subject,NN
paint,negative,subject,NN
paper,negative,subject,NN
patch,negative,subject,NN
patron,negative,subject,NN
plastic,negative,subject,NN
plate,negative,subject,NN
plug,negative,subject,NN
policy,negative,subject,NN
poor,negative,grammatical,JJ
prepay,negative,subject,VB
pricey,negative,subject,JJ
pricing,negative,subject,NN
pricy,negative,subject,NN
problematic,negative,subject,JJ
putt,negative,subject,NN
refuse,negative,grammatical,NN
remind,negative,subject,VB
renovation,negative,subject,NN
reviewer,negative,subject,NN
ridiculous,negative,grammatical,JJ
ridiculously,negative,grammatical,RB
rollaway,negative,subject,JJ
romantic,negative,subject,JJ
rude,negative,subject,JJ
rule,negative,subject,NN
sachet,negative,subject,NN
sense,negative,grammatical,NN
sharp,negative,subject,JJ
shelf,negative,subject,NN
shock,negative,subject,NN
sierra,negative,grammatical,NNS
similarly,negative,subject,RB
skip,negative,subject,VB
slow,negative,subject,RB
smallest,negative,subject,JJS
smallish,negative,subject,JJ
social,negative,subject,JJ
softness,negative,subject,NN
somewhat,negative,grammatical,RB
sorry,negative,grammatical,UH
soundproofing,negative,subject,NN
stain,negative,subject,NN
stale,negative,subject,JJ
stick,negative,subject,NN
sticky,negative,subject,JJ
stiff,negative,subject,JJ
stressful,negative,subject,JJ
struggle,negative,subject,NN
stuffy,negative,subject,JJ
suffer,negative,subject,VB
sunday,negative,grammatical,NNP
tear,negative,subject,NN
terrible,negative,grammatical,JJ
tonne,negative,subject,NN
tough,negative,subject,JJ
training,negative,subject,NN
translator,negative,subject,NN
trash,negative,subject,NN
troublesome,negative,subject,JJ
ugly,negative,subject,JJ
unable,negative,grammatical,JJ
unacceptable,negative,grammatical,JJ
uncomfortable,negative,subject,JJ
unfriendly,negative,subject,JJ
unreasonable,negative,grammatical,JJ
unsure,negative,grammatical,JJ
urgently,negative,subject,RB
useless,negative,subject,JJ
waitress,negative,subject,NN
waive,negative,subject,VB
walkway,negative,subject,NN
wardrobe,negative,subject,NN
warning,negative,subject,NN
waste,negative,subject,NN
weird,negative,subject,JJ
wet,negative,subject,JJ
working,negative,subject,VBG
worse,negative,subject,JJR
worst,negative,grammatical,JJS
wouldn,negative,grammatical,NN
write,negative,grammatical,NN
yellow,negative,subject,JJ
